image_index,prompt
001,Slide the plug to the right side of the image.
002,Move the white box to the right.
003,Move the pig toy to the right.
004,Move the tiger toy to the right.
005,"Move the Peppa Pig toy to the right side of the table, next to the water bottle."
006,Slide the Hello Kitty tin can to the right.
007,"Slide the pink pig figurine to the right, in front of the Hello Kitty tin."
008,Shift the battery to the right of the pink surface.
009,Move the yellow whale figurine to the right.
010,Move the red bottle to the right.
011,Drag the red measuring tape to the right.
012,Move the lipstick to the right.
013,Move the lipstick to the right of the tray, in front of the foundation.
014,Slide the candle to the right.
015,Move the tea cup to the left.
016,Drag the lipstick to the right.
017,Drag the deodorant to the center of the table.
018,Slide the deodorant to the right and behind the pink bottle.
019,Move the yellow bottle to the left.
020,Drag the bottle to the right.
021,Move the candle jar to the left.
022,Move the small transparent bottle cap to the right.
023,Move the foundation bottle to the right.
024,Move the lipstick case to the right side of the album.
025,Move the lip gloss to the right.
026,Shift the white plug to the right.
027,Drag the green perfume bottle to the left.
028,Shift the pink pig figurine to the right in front of the wooden log.
029,Move the phone holder to the right.
030,Slide the spray bottle to the left.
031,Move the bottle to the right.
032,Move the duck to the right.
033,Slide the black cube to the right.
034,Move the red object to the right.
035,Move the black object to the right.
036,Move the foundation bottle to the left.
037,Shift the spray can to the left.
038,Move the bottle to the right and behind the cupcake.
039,Move the camera to the right.
040,Move the power adapter to the left side of the image.
041,"Move the pink Hello Kitty tin can to the right, behind the airplane."
042,Move the foundation bottle to the right.
043,"Shift the green lion figurine to the right, behind the teacup."
044,Move the mint green bottle cap to the left.
045,Drag the charging to the right of the shaver.
046,Shift the spray bottle to the left.
047,"Slide the white fragrance box to the left, next to the black cup."
048,Slide the orange lip balm to the right and behind the black jar.
049,Move the cup to the right.
050,Move the lip balm to the right of the lipstick.
051,Move the the black object slighly to the left.
052,Move the lipstick case to the right.
053,Move the cream bottle to the right in front of the glass.
054,Move the deer to the right in front of the bottles.
055,"Move the wooden cube with the number 6 to the left, next to the tiger plush."
056,Move the peach-colored cylindrical item from the right to the left side of the frame.
057,Move the golden deer figurine to the left.
058,Move the black object slighly to the right behind the dumbbell.
059,Move the cup to the left.
060,"Move the yellow whale figurine to the right, in front of the cupcake."
061,Move the black cylinder to the left of the golden figurine.
062,Drag the spray bottle to the left.
063,Drag the white box to the right.
064,Move the candle jar to right and in front of the water bottle.
065,Slide the beige flower stick container to the right behind the blue deodorant roller.
066,Shift the orange cap forward to be in front of the tape roll.
067,Move the bottle to the center of the tray.
068,Move the wooden cube to the left on the table.
069,Drag the red and white can onto the phone stand.
070,Move the black battery to the left.
071,Move the small lip cream tube to the right.
072,Move the Peppa Pig figurine to the right to sit in front of the white phone stand.
073,Move the white plug to the left.
074,Drag the white plug to the right in front of the pastry.
075,Shift the teapot lid to the left.
076,Shift the bottle cap to the right.
077,Slide the white dropper bottle to the left.
078,Drag the wooden frame to the right behind the toy.
079,Move the green water bottle to the right.
080,Move the grey bust to the right.
081,Drag the yellow smiley ball to the left.
082,Shift the glue bottle to the right behind the pencil case.
083,Move the wooden handle to the right.
084,Move the teacup to the right.
085,Drag the jar to the left behind the plastic cup.
086,Drag the red pack slighly back.
087,Slide the pot to the bottom right corner.
088,Drag the battery pack closer to the pink bottle.
089,Slide the tea pot to the right front.
090,Move the object to the right side of the table.
091,Move the tiger figurine to the left side of the stapler.
092,Slide the pen to the right.
093,Shift the cup with the green things to the left.
094,Move the rubber duck to the right side of the table.
095,Move the glasses case to the right and slightly forward.
096,"Move the fish figurine from the right side of the cooker to the left side, near the base of the kettle."
097,Move the white pot to the left corner and slighly forward.
098,Drag the snack package to the right.
099,Move the crab to the left.
100,Drag the orange can to the left behind the blue block.
101,Drag the black cap to the left.
102,Move the small white tube to the left and lying on the table.
103,Move the snail to the left side of the scanner.
104,Move the blue box to the right.
105,Move the water bottle to the right and behind the lettuce.
106,Drag the ram figurine to the left side of the notebook.
107,Move the abacus box to the right.
108,"Slide the Joennis VSOP bottle to the right, behind the Belvedere bottle."
109,Move the glasses slighly to the right.
110,Shift the black plastic block behind the pencil case.
111,Drag the small white container down and to the right.
112,Drag the beige bottle to the right.
113,Move the beige cylindrical device to the right.
114,Move the snowman bottle to the right.
115,Move the popsicle container to the left and next to the glue bottle.
116,Drag the orange box back.
117,Move the glass to the left and slighly back.
118,Move the blue chewing gum box to the right.
119,Move the jar slighly to front and right.
120,Place the leopard figurine behind the rock.
121,Move the yellow tape roll to the left.
122,Slide the pink bottle lying on the floow to the right.
123,Move the spray bottle to the right.
124,Shift the green candy wrapper to the right.
125,Drag the polar bear figurine to the right side of the shelf.
126,Move the white pot to the right.
127,Move the mug to the right.
128,"Move the durian to the right side of the image, next to the computer tower."
129,Move the clear bottle with the red label behind of the bottle with blue cap.
130,Move the red tube lying down to the right.
131,Move the pink bowl to the right.
132,move the egg carton to the left
133,Shift the red bottle to the right of the blue bottle.
134,Move the blue spray bottle slighly to the left.
135,Slide the red box to the left.
136,"Slide the penguin figurine to the right, in front of the white teacup."
137,Move the wire rack to the left.
138,Drag the bottle to the right.
139,Slide the cow figurine to the bottom left corner of the table.
140,Slide the coffee cup to the right.
141,Slide the hair clip to the right.
142,Move the pump bottle to the right and in front of the can.
143,Move the green lizard figurine to the left side of the scanner.
144,Shift the bust to the bottom right.
145,Move the clear bottle to the right side of the image.
146,Move the seagull figurine to the right edge of the frame.
147,Move the grey cup to the left side of the table.
148,"The likely command given by the user is: ""Move the plush toy to the right."""
149,Slide the can to the right.
150,Move the green leaf-shaped dish to the left side of the image.
151,Drag the glass bottle to the right.
152,Move the vodka bottle to the right.
153,Move the deer figurine to the left side of the kettle.
154,Move the white bottle to the right and behind the can.
155,slide the yellow can to the right.
156,Move the black case to the right.
157,Move the water gun to the bottom-left corner.
158,Move the manatee figurine to the left side of the stapler.
159,Move the earbud case to the right.
160,Drag the cup to the right.
161,Move the pastry to the left of the pink shell object.
162,Move the bowl to the left forward.
163,Move the water bottle to the right behind the pencil case.
164,"The likely command given by the user is: ""Shift the box to the left."""
165,Move the orange spray bottle to the left and in front of the white bottle
166,Move the stapler to the right.
167,Move the wooden figurine to the right.
168,"The likely command given by the user is: ""Move the battery pack closer to the cup."""
169,slide the eraser to the right
170,Slide the hand wash bottle to the left and back.
171,Move the headphones to the left.
172,Move the blue box to the left.
173,Slide the jar to the right.
174,Move the small strawberry dish to the left.
175,"The likely command given by the user is: ""Move the water bottle to the right."""
176,Move the spray bottle to the right and in front of the blue bag.
177,Move the hedgehog figurine into the pot.
178,Move the bottle to the right.
179,Move the stool to the left.
180,Drag the purple bottle to the right and behind the box.
181,Move the tea tin to the right.
182,"The likely command is: ""Slide the yellow lighter to the right."""
183,Move the beige pot to the right and behind.
184,shift the red bottle to the right
185,Shift the sponge upward outside the sink.
186,Move the cabbage to the right.
187,Move the exercise bike to the left.
188,Slide the sunscreen bottle to the right.
189,Move the teal spray bottle to the left.
190,Slide the lollipop to the right.
191,Move the apple to the right side of the stove.
192,Shift the baguette to the right side of the box and lean to the wall.
193,"Slide the turtle figurine to the left side of the drawer, near the box."
194,Move the eraser to the left.
195,Shift the Buddha statue to the right.
196,Drag the screwdriver to the left.
197,Slide the mug to the right and behind the bottle.
198,"Move the small bottle with the blue cap to the left, in front of the pink bottle."
199,Move the black stand to the left side of the image.
200,Drag the green medicine box to the right and forward.
